problem,C++,C++Link,Java,JavaLink,Python3,Python3Link
"01 Matrix ","","","java","https://github.com/acgtun/leetcode/tree/master/algorithms/java/01\%20Matrix.java","",""
"3Sum ","cpp","https://github.com/acgtun/leetcode/tree/master/algorithms/cpp/3Sum.cpp","java","https://github.com/acgtun/leetcode/tree/master/algorithms/java/3Sum.java","",""
"3Sum Closest ","cpp","https://github.com/acgtun/leetcode/tree/master/algorithms/cpp/3Sum\%20Closest.cpp","","","",""
"3Sum Smaller ","cpp","https://github.com/acgtun/leetcode/tree/master/algorithms/cpp/3Sum\%20Smaller.cpp","","","",""
"4Sum ","cpp","https://github.com/acgtun/leetcode/tree/master/algorithms/cpp/4Sum.cpp","java","https://github.com/acgtun/leetcode/tree/master/algorithms/java/4Sum.java","",""
"4Sum II ","","","java","https://github.com/acgtun/leetcode/tree/master/algorithms/java/4Sum\%20II.java","",""
"Add Binary ","cpp","https://github.com/acgtun/leetcode/tree/master/algorithms/cpp/Add\%20Binary.cpp","","","",""
"Add Digits ","cpp","https://github.com/acgtun/leetcode/tree/master/algorithms/cpp/Add\%20Digits.cpp","","","",""
"Add Two Numbers ","cpp","https://github.com/acgtun/leetcode/tree/master/algorithms/cpp/Add\%20Two\%20Numbers.cpp","java","https://github.com/acgtun/leetcode/tree/master/algorithms/java/Add\%20Two\%20Numbers.java","python","https://github.com/acgtun/leetcode/tree/master/algorithms/python/Add\%20Two\%20Numbers.py"
"Add Two Numbers II ","","","java","https://github.com/acgtun/leetcode/tree/master/algorithms/java/Add\%20Two\%20Numbers\%20II.java","",""
"Add and Search Word - Data structure design ","cpp","https://github.com/acgtun/leetcode/tree/master/algorithms/cpp/Add\%20and\%20Search\%20Word\%20-\%20Data\%20structure\%20design.cpp","","","",""
"Alien Dictionary ","cpp","https://github.com/acgtun/leetcode/tree/master/algorithms/cpp/Alien\%20Dictionary.cpp","","","",""
"Balanced Binary Tree ","cpp","https://github.com/acgtun/leetcode/tree/master/algorithms/cpp/Balanced\%20Binary\%20Tree.cpp","","","",""
"Basic Calculator ","cpp","https://github.com/acgtun/leetcode/tree/master/algorithms/cpp/Basic\%20Calculator.cpp","","","",""
"Basic Calculator II ","cpp","https://github.com/acgtun/leetcode/tree/master/algorithms/cpp/Basic\%20Calculator\%20II.cpp","","","",""
"Battleships in a Board ","","","java","https://github.com/acgtun/leetcode/tree/master/algorithms/java/Battleships\%20in\%20a\%20Board.java","",""
"Best Meeting Point ","cpp","https://github.com/acgtun/leetcode/tree/master/algorithms/cpp/Best\%20Meeting\%20Point.cpp","","","",""
"Best Time to Buy and Sell Stock ","cpp","https://github.com/acgtun/leetcode/tree/master/algorithms/cpp/Best\%20Time\%20to\%20Buy\%20and\%20Sell\%20Stock.cpp","java","https://github.com/acgtun/leetcode/tree/master/algorithms/java/Best\%20Time\%20to\%20Buy\%20and\%20Sell\%20Stock.java","",""
"Best Time to Buy and Sell Stock II ","cpp","https://github.com/acgtun/leetcode/tree/master/algorithms/cpp/Best\%20Time\%20to\%20Buy\%20and\%20Sell\%20Stock\%20II.cpp","java","https://github.com/acgtun/leetcode/tree/master/algorithms/java/Best\%20Time\%20to\%20Buy\%20and\%20Sell\%20Stock\%20II.java","",""
"Binary Search Tree Iterator ","cpp","https://github.com/acgtun/leetcode/tree/master/algorithms/cpp/Binary\%20Search\%20Tree\%20Iterator.cpp","","","",""
"Binary Tree Inorder Traversal ","cpp","https://github.com/acgtun/leetcode/tree/master/algorithms/cpp/Binary\%20Tree\%20Inorder\%20Traversal.cpp","java","https://github.com/acgtun/leetcode/tree/master/algorithms/java/Binary\%20Tree\%20Inorder\%20Traversal.java","",""
"Binary Tree Level Order Traversal ","cpp","https://github.com/acgtun/leetcode/tree/master/algorithms/cpp/Binary\%20Tree\%20Level\%20Order\%20Traversal.cpp","","","",""
"Binary Tree Level Order Traversal II ","cpp","https://github.com/acgtun/leetcode/tree/master/algorithms/cpp/Binary\%20Tree\%20Level\%20Order\%20Traversal\%20II.cpp","","","",""
"Binary Tree Longest Consecutive Sequence ","cpp","https://github.com/acgtun/leetcode/tree/master/algorithms/cpp/Binary\%20Tree\%20Longest\%20Consecutive\%20Sequence.cpp","","","",""
"Binary Tree Maximum Path Sum ","cpp","https://github.com/acgtun/leetcode/tree/master/algorithms/cpp/Binary\%20Tree\%20Maximum\%20Path\%20Sum.cpp","","","",""
"Binary Tree Paths ","cpp","https://github.com/acgtun/leetcode/tree/master/algorithms/cpp/Binary\%20Tree\%20Paths.cpp","","","",""
"Binary Tree Postorder Traversal ","cpp","https://github.com/acgtun/leetcode/tree/master/algorithms/cpp/Binary\%20Tree\%20Postorder\%20Traversal.cpp","","","",""
"Binary Tree Preorder Traversal ","cpp","https://github.com/acgtun/leetcode/tree/master/algorithms/cpp/Binary\%20Tree\%20Preorder\%20Traversal.cpp","","","",""
"Binary Tree Right Side View ","cpp","https://github.com/acgtun/leetcode/tree/master/algorithms/cpp/Binary\%20Tree\%20Right\%20Side\%20View.cpp","","","",""
"Binary Tree Upside Down ","cpp","https://github.com/acgtun/leetcode/tree/master/algorithms/cpp/Binary\%20Tree\%20Upside\%20Down.cpp","","","",""
"Binary Tree Upside Down.c","cpp","https://github.com/acgtun/leetcode/tree/master/algorithms/cpp/Binary\%20Tree\%20Upside\%20Down.c","","","",""
"Binary Tree Vertical Order Traversal ","","","java","https://github.com/acgtun/leetcode/tree/master/algorithms/java/Binary\%20Tree\%20Vertical\%20Order\%20Traversal.java","",""
"Binary Tree Zigzag Level Order Traversal ","cpp","https://github.com/acgtun/leetcode/tree/master/algorithms/cpp/Binary\%20Tree\%20Zigzag\%20Level\%20Order\%20Traversal.cpp","","","",""
"Bitwise AND of Numbers Range ","cpp","https://github.com/acgtun/leetcode/tree/master/algorithms/cpp/Bitwise\%20AND\%20of\%20Numbers\%20Range.cpp","","","",""
"Boundary of Binary Tree ","","","java","https://github.com/acgtun/leetcode/tree/master/algorithms/java/Boundary\%20of\%20Binary\%20Tree.java","",""
"Bulb Switcher ","cpp","https://github.com/acgtun/leetcode/tree/master/algorithms/cpp/Bulb\%20Switcher.cpp","","","",""
"Bulls and Cows ","cpp","https://github.com/acgtun/leetcode/tree/master/algorithms/cpp/Bulls\%20and\%20Cows.cpp","","","",""
"Candy ","cpp","https://github.com/acgtun/leetcode/tree/master/algorithms/cpp/Candy.cpp","","","",""
"Climbing Stairs ","cpp","https://github.com/acgtun/leetcode/tree/master/algorithms/cpp/Climbing\%20Stairs.cpp","java","https://github.com/acgtun/leetcode/tree/master/algorithms/java/Climbing\%20Stairs.java","",""
"Clone Graph ","cpp","https://github.com/acgtun/leetcode/tree/master/algorithms/cpp/Clone\%20Graph.cpp","","","",""
"Closest Binary Search Tree Value ","cpp","https://github.com/acgtun/leetcode/tree/master/algorithms/cpp/Closest\%20Binary\%20Search\%20Tree\%20Value.cpp","","","",""
"Closest Binary Search Tree Value II ","cpp","https://github.com/acgtun/leetcode/tree/master/algorithms/cpp/Closest\%20Binary\%20Search\%20Tree\%20Value\%20II.cpp","","","",""
"Coin Change ","cpp","https://github.com/acgtun/leetcode/tree/master/algorithms/cpp/Coin\%20Change.cpp","java","https://github.com/acgtun/leetcode/tree/master/algorithms/java/Coin\%20Change.java","",""
"Coin Change 2 ","","","java","https://github.com/acgtun/leetcode/tree/master/algorithms/java/Coin\%20Change\%202.java","",""
"Combination Sum ","cpp","https://github.com/acgtun/leetcode/tree/master/algorithms/cpp/Combination\%20Sum.cpp","","","",""
"Combination Sum II ","cpp","https://github.com/acgtun/leetcode/tree/master/algorithms/cpp/Combination\%20Sum\%20II.cpp","","","",""
"Combination Sum III ","cpp","https://github.com/acgtun/leetcode/tree/master/algorithms/cpp/Combination\%20Sum\%20III.cpp","","","",""
"Combinations ","cpp","https://github.com/acgtun/leetcode/tree/master/algorithms/cpp/Combinations.cpp","","","",""
"Compare Version Numbers ","cpp","https://github.com/acgtun/leetcode/tree/master/algorithms/cpp/Compare\%20Version\%20Numbers.cpp","","","",""
"Complex Number Multiplication ","","","java","https://github.com/acgtun/leetcode/tree/master/algorithms/java/Complex\%20Number\%20Multiplication.java","",""
"Construct Binary Tree from Inorder and Postorder Traversal ","cpp","https://github.com/acgtun/leetcode/tree/master/algorithms/cpp/Construct\%20Binary\%20Tree\%20from\%20Inorder\%20and\%20Postorder\%20Traversal.cpp","","","",""
"Construct Binary Tree from Preorder and Inorder Traversal ","cpp","https://github.com/acgtun/leetcode/tree/master/algorithms/cpp/Construct\%20Binary\%20Tree\%20from\%20Preorder\%20and\%20Inorder\%20Traversal.cpp","","","",""
"Construct Binary Tree from String ","","","java","https://github.com/acgtun/leetcode/tree/master/algorithms/java/Construct\%20Binary\%20Tree\%20from\%20String.java","",""
"Container With Most Water ","cpp","https://github.com/acgtun/leetcode/tree/master/algorithms/cpp/Container\%20With\%20Most\%20Water.cpp","java","https://github.com/acgtun/leetcode/tree/master/algorithms/java/Container\%20With\%20Most\%20Water.java","",""
"Contains Duplicate ","cpp","https://github.com/acgtun/leetcode/tree/master/algorithms/cpp/Contains\%20Duplicate.cpp","java","https://github.com/acgtun/leetcode/tree/master/algorithms/java/Contains\%20Duplicate.java","",""
"Contains Duplicate II ","cpp","https://github.com/acgtun/leetcode/tree/master/algorithms/cpp/Contains\%20Duplicate\%20II.cpp","java","https://github.com/acgtun/leetcode/tree/master/algorithms/java/Contains\%20Duplicate\%20II.java","",""
"Contains Duplicate III ","cpp","https://github.com/acgtun/leetcode/tree/master/algorithms/cpp/Contains\%20Duplicate\%20III.cpp","java","https://github.com/acgtun/leetcode/tree/master/algorithms/java/Contains\%20Duplicate\%20III.java","",""
"Contiguous Array ","","","java","https://github.com/acgtun/leetcode/tree/master/algorithms/java/Contiguous\%20Array.java","",""
"Convert Sorted Array to Binary Search Tree ","cpp","https://github.com/acgtun/leetcode/tree/master/algorithms/cpp/Convert\%20Sorted\%20Array\%20to\%20Binary\%20Search\%20Tree.cpp","java","https://github.com/acgtun/leetcode/tree/master/algorithms/java/Convert\%20Sorted\%20Array\%20to\%20Binary\%20Search\%20Tree.java","",""
"Convert Sorted List to Binary Search Tree ","cpp","https://github.com/acgtun/leetcode/tree/master/algorithms/cpp/Convert\%20Sorted\%20List\%20to\%20Binary\%20Search\%20Tree.cpp","java","https://github.com/acgtun/leetcode/tree/master/algorithms/java/Convert\%20Sorted\%20List\%20to\%20Binary\%20Search\%20Tree.java","",""
"Copy List with Random Pointer ","","","java","https://github.com/acgtun/leetcode/tree/master/algorithms/java/Copy\%20List\%20with\%20Random\%20Pointer.java","",""
"Count Complete Tree Nodes ","cpp","https://github.com/acgtun/leetcode/tree/master/algorithms/cpp/Count\%20Complete\%20Tree\%20Nodes.cpp","","","",""
"Count Numbers with Unique Digits ","cpp","https://github.com/acgtun/leetcode/tree/master/algorithms/cpp/Count\%20Numbers\%20with\%20Unique\%20Digits.cpp","","","",""
"Count Primes ","cpp","https://github.com/acgtun/leetcode/tree/master/algorithms/cpp/Count\%20Primes.cpp","java","https://github.com/acgtun/leetcode/tree/master/algorithms/java/Count\%20Primes.java","",""
"Count Univalue Subtrees ","cpp","https://github.com/acgtun/leetcode/tree/master/algorithms/cpp/Count\%20Univalue\%20Subtrees.cpp","","","",""
"Count and Say ","cpp","https://github.com/acgtun/leetcode/tree/master/algorithms/cpp/Count\%20and\%20Say.cpp","java","https://github.com/acgtun/leetcode/tree/master/algorithms/java/Count\%20and\%20Say.java","",""
"Count of Smaller Numbers After Self ","cpp","https://github.com/acgtun/leetcode/tree/master/algorithms/cpp/Count\%20of\%20Smaller\%20Numbers\%20After\%20Self.cpp","","","",""
"Counting Bits ","","","java","https://github.com/acgtun/leetcode/tree/master/algorithms/java/Counting\%20Bits.java","",""
"Course Schedule ","cpp","https://github.com/acgtun/leetcode/tree/master/algorithms/cpp/Course\%20Schedule.cpp","","","",""
"Course Schedule II ","cpp","https://github.com/acgtun/leetcode/tree/master/algorithms/cpp/Course\%20Schedule\%20II.cpp","","","",""
"Decode Ways ","cpp","https://github.com/acgtun/leetcode/tree/master/algorithms/cpp/Decode\%20Ways.cpp","","","",""
"Delete Node in a Linked List ","cpp","https://github.com/acgtun/leetcode/tree/master/algorithms/cpp/Delete\%20Node\%20in\%20a\%20Linked\%20List.cpp","java","https://github.com/acgtun/leetcode/tree/master/algorithms/java/Delete\%20Node\%20in\%20a\%20Linked\%20List.java","",""
"Design Phone Directory ","","","java","https://github.com/acgtun/leetcode/tree/master/algorithms/java/Design\%20Phone\%20Directory.java","",""
"Design Tic-Tac-Toe ","","","java","https://github.com/acgtun/leetcode/tree/master/algorithms/java/Design\%20Tic-Tac-Toe.java","",""
"Distinct Subsequences ","cpp","https://github.com/acgtun/leetcode/tree/master/algorithms/cpp/Distinct\%20Subsequences.cpp","","","",""
"Divide Two Integers ","cpp","https://github.com/acgtun/leetcode/tree/master/algorithms/cpp/Divide\%20Two\%20Integers.cpp","","","",""
"Edit Distance ","cpp","https://github.com/acgtun/leetcode/tree/master/algorithms/cpp/Edit\%20Distance.cpp","","","",""
"Encode and Decode Strings ","cpp","https://github.com/acgtun/leetcode/tree/master/algorithms/cpp/Encode\%20and\%20Decode\%20Strings.cpp","","","",""
"Encode and Decode TinyURL ","","","java","https://github.com/acgtun/leetcode/tree/master/algorithms/java/Encode\%20and\%20Decode\%20TinyURL.java","",""
"Evaluate Reverse Polish Notation ","cpp","https://github.com/acgtun/leetcode/tree/master/algorithms/cpp/Evaluate\%20Reverse\%20Polish\%20Notation.cpp","","","",""
"Excel Sheet Column Number ","cpp","https://github.com/acgtun/leetcode/tree/master/algorithms/cpp/Excel\%20Sheet\%20Column\%20Number.cpp","java","https://github.com/acgtun/leetcode/tree/master/algorithms/java/Excel\%20Sheet\%20Column\%20Number.java","",""
"Excel Sheet Column Title ","cpp","https://github.com/acgtun/leetcode/tree/master/algorithms/cpp/Excel\%20Sheet\%20Column\%20Title.cpp","java","https://github.com/acgtun/leetcode/tree/master/algorithms/java/Excel\%20Sheet\%20Column\%20Title.java","",""
"Factor Combinations ","cpp","https://github.com/acgtun/leetcode/tree/master/algorithms/cpp/Factor\%20Combinations.cpp","","","",""
"Factorial Trailing Zeroes ","cpp","https://github.com/acgtun/leetcode/tree/master/algorithms/cpp/Factorial\%20Trailing\%20Zeroes.cpp","java","https://github.com/acgtun/leetcode/tree/master/algorithms/java/Factorial\%20Trailing\%20Zeroes.java","",""
"Find Median from Data Stream ","cpp","https://github.com/acgtun/leetcode/tree/master/algorithms/cpp/Find\%20Median\%20from\%20Data\%20Stream.cpp","java","https://github.com/acgtun/leetcode/tree/master/algorithms/java/Find\%20Median\%20from\%20Data\%20Stream.java","",""
"Find Minimum in Rotated Sorted Array ","cpp","https://github.com/acgtun/leetcode/tree/master/algorithms/cpp/Find\%20Minimum\%20in\%20Rotated\%20Sorted\%20Array.cpp","","","",""
"Find Minimum in Rotated Sorted Array II ","cpp","https://github.com/acgtun/leetcode/tree/master/algorithms/cpp/Find\%20Minimum\%20in\%20Rotated\%20Sorted\%20Array\%20II.cpp","","","",""
"Find Peak Element ","cpp","https://github.com/acgtun/leetcode/tree/master/algorithms/cpp/Find\%20Peak\%20Element.cpp","","","",""
"Find the Celebrity ","cpp","https://github.com/acgtun/leetcode/tree/master/algorithms/cpp/Find\%20the\%20Celebrity.cpp","java","https://github.com/acgtun/leetcode/tree/master/algorithms/java/Find\%20the\%20Celebrity.java","",""
"Find the Duplicate Number ","cpp","https://github.com/acgtun/leetcode/tree/master/algorithms/cpp/Find\%20the\%20Duplicate\%20Number.cpp","","","",""
"First Bad Version ","cpp","https://github.com/acgtun/leetcode/tree/master/algorithms/cpp/First\%20Bad\%20Version.cpp","","","",""
"First Bad Version.c","cpp","https://github.com/acgtun/leetcode/tree/master/algorithms/cpp/First\%20Bad\%20Version.c","","","",""
"First Missing Positive ","cpp","https://github.com/acgtun/leetcode/tree/master/algorithms/cpp/First\%20Missing\%20Positive.cpp","java","https://github.com/acgtun/leetcode/tree/master/algorithms/java/First\%20Missing\%20Positive.java","",""
"First Unique Character in a String ","","","java","https://github.com/acgtun/leetcode/tree/master/algorithms/java/First\%20Unique\%20Character\%20in\%20a\%20String.java","",""
"Fizz Buzz ","","","java","https://github.com/acgtun/leetcode/tree/master/algorithms/java/Fizz\%20Buzz.java","",""
"Flatten 2D Vector ","cpp","https://github.com/acgtun/leetcode/tree/master/algorithms/cpp/Flatten\%202D\%20Vector.cpp","","","",""
"Flatten Binary Tree to Linked List ","cpp","https://github.com/acgtun/leetcode/tree/master/algorithms/cpp/Flatten\%20Binary\%20Tree\%20to\%20Linked\%20List.cpp","","","",""
"Flip Game ","cpp","https://github.com/acgtun/leetcode/tree/master/algorithms/cpp/Flip\%20Game.cpp","","","",""
"Flip Game II ","cpp","https://github.com/acgtun/leetcode/tree/master/algorithms/cpp/Flip\%20Game\%20II.cpp","","","",""
"Fraction to Recurring Decimal ","cpp","https://github.com/acgtun/leetcode/tree/master/algorithms/cpp/Fraction\%20to\%20Recurring\%20Decimal.cpp","","","",""
"Game of Life ","cpp","https://github.com/acgtun/leetcode/tree/master/algorithms/cpp/Game\%20of\%20Life.cpp","","","",""
"Gas Station ","cpp","https://github.com/acgtun/leetcode/tree/master/algorithms/cpp/Gas\%20Station.cpp","","","",""
"Generate Parentheses ","cpp","https://github.com/acgtun/leetcode/tree/master/algorithms/cpp/Generate\%20Parentheses.cpp","java","https://github.com/acgtun/leetcode/tree/master/algorithms/java/Generate\%20Parentheses.java","",""
"Graph Valid Tree ","cpp","https://github.com/acgtun/leetcode/tree/master/algorithms/cpp/Graph\%20Valid\%20Tree.cpp","","","",""
"Group Anagrams ","cpp","https://github.com/acgtun/leetcode/tree/master/algorithms/cpp/Group\%20Anagrams.cpp","java","https://github.com/acgtun/leetcode/tree/master/algorithms/java/Group\%20Anagrams.java","",""
"Group Shifted Strings ","cpp","https://github.com/acgtun/leetcode/tree/master/algorithms/cpp/Group\%20Shifted\%20Strings.cpp","","","",""
"H-Index ","cpp","https://github.com/acgtun/leetcode/tree/master/algorithms/cpp/H-Index.cpp","","","",""
"H-Index II ","cpp","https://github.com/acgtun/leetcode/tree/master/algorithms/cpp/H-Index\%20II.cpp","","","",""
"Happy Number ","cpp","https://github.com/acgtun/leetcode/tree/master/algorithms/cpp/Happy\%20Number.cpp","java","https://github.com/acgtun/leetcode/tree/master/algorithms/java/Happy\%20Number.java","",""
"House Robber ","cpp","https://github.com/acgtun/leetcode/tree/master/algorithms/cpp/House\%20Robber.cpp","java","https://github.com/acgtun/leetcode/tree/master/algorithms/java/House\%20Robber.java","",""
"House Robber II ","cpp","https://github.com/acgtun/leetcode/tree/master/algorithms/cpp/House\%20Robber\%20II.cpp","","","",""
"House Robber III ","cpp","https://github.com/acgtun/leetcode/tree/master/algorithms/cpp/House\%20Robber\%20III.cpp","","","",""
"Implement Queue using Stacks ","cpp","https://github.com/acgtun/leetcode/tree/master/algorithms/cpp/Implement\%20Queue\%20using\%20Stacks.cpp","","","",""
"Implement Stack using Queues ","cpp","https://github.com/acgtun/leetcode/tree/master/algorithms/cpp/Implement\%20Stack\%20using\%20Queues.cpp","","","",""
"Implement Trie (Prefix Tree) ","cpp","https://github.com/acgtun/leetcode/tree/master/algorithms/cpp/Implement\%20Trie\%20(Prefix\%20Tree).cpp","","","",""
"Implement strStr() ","cpp","https://github.com/acgtun/leetcode/tree/master/algorithms/cpp/Implement\%20strStr().cpp","java","https://github.com/acgtun/leetcode/tree/master/algorithms/java/Implement\%20strStr().java","",""
"Inorder Successor in BST ","cpp","https://github.com/acgtun/leetcode/tree/master/algorithms/cpp/Inorder\%20Successor\%20in\%20BST.cpp","","","",""
"Insert Delete GetRandom O(1) ","","","java","https://github.com/acgtun/leetcode/tree/master/algorithms/java/Insert\%20Delete\%20GetRandom\%20O(1).java","",""
"Insert Interval ","cpp","https://github.com/acgtun/leetcode/tree/master/algorithms/cpp/Insert\%20Interval.cpp","","","",""
"Insertion Sort List ","cpp","https://github.com/acgtun/leetcode/tree/master/algorithms/cpp/Insertion\%20Sort\%20List.cpp","","","",""
"Integer to English Words ","cpp","https://github.com/acgtun/leetcode/tree/master/algorithms/cpp/Integer\%20to\%20English\%20Words.cpp","","","",""
"Integer to Roman ","cpp","https://github.com/acgtun/leetcode/tree/master/algorithms/cpp/Integer\%20to\%20Roman.cpp","","","",""
"Interleaving String ","cpp","https://github.com/acgtun/leetcode/tree/master/algorithms/cpp/Interleaving\%20String.cpp","","","",""
"Intersection of Two Arrays II ","","","java","https://github.com/acgtun/leetcode/tree/master/algorithms/java/Intersection\%20of\%20Two\%20Arrays\%20II.java","",""
"Intersection of Two Linked Lists ","cpp","https://github.com/acgtun/leetcode/tree/master/algorithms/cpp/Intersection\%20of\%20Two\%20Linked\%20Lists.cpp","java","https://github.com/acgtun/leetcode/tree/master/algorithms/java/Intersection\%20of\%20Two\%20Linked\%20Lists.java","",""
"Invert Binary Tree ","cpp","https://github.com/acgtun/leetcode/tree/master/algorithms/cpp/Invert\%20Binary\%20Tree.cpp","","","",""
"Isomorphic Strings ","cpp","https://github.com/acgtun/leetcode/tree/master/algorithms/cpp/Isomorphic\%20Strings.cpp","","","",""
"Jump Game ","cpp","https://github.com/acgtun/leetcode/tree/master/algorithms/cpp/Jump\%20Game.cpp","","","",""
"Jump Game II ","cpp","https://github.com/acgtun/leetcode/tree/master/algorithms/cpp/Jump\%20Game\%20II.cpp","","","",""
"Kth Largest Element in an Array ","cpp","https://github.com/acgtun/leetcode/tree/master/algorithms/cpp/Kth\%20Largest\%20Element\%20in\%20an\%20Array.cpp","","","",""
"Kth Smallest Element in a BST ","cpp","https://github.com/acgtun/leetcode/tree/master/algorithms/cpp/Kth\%20Smallest\%20Element\%20in\%20a\%20BST.cpp","java","https://github.com/acgtun/leetcode/tree/master/algorithms/java/Kth\%20Smallest\%20Element\%20in\%20a\%20BST.java","",""
"Kth Smallest Element in a Sorted Matrix ","","","java","https://github.com/acgtun/leetcode/tree/master/algorithms/java/Kth\%20Smallest\%20Element\%20in\%20a\%20Sorted\%20Matrix.java","",""
"LRU Cache ","cpp","https://github.com/acgtun/leetcode/tree/master/algorithms/cpp/LRU\%20Cache.cpp","","","",""
"Largest BST Subtree ","cpp","https://github.com/acgtun/leetcode/tree/master/algorithms/cpp/Largest\%20BST\%20Subtree.cpp","","","",""
"Largest Number ","cpp","https://github.com/acgtun/leetcode/tree/master/algorithms/cpp/Largest\%20Number.cpp","","","",""
"Largest Rectangle in Histogram ","cpp","https://github.com/acgtun/leetcode/tree/master/algorithms/cpp/Largest\%20Rectangle\%20in\%20Histogram.cpp","","","",""
"Length of Last Word ","cpp","https://github.com/acgtun/leetcode/tree/master/algorithms/cpp/Length\%20of\%20Last\%20Word.cpp","","","",""
"Letter Combinations of a Phone Number ","cpp","https://github.com/acgtun/leetcode/tree/master/algorithms/cpp/Letter\%20Combinations\%20of\%20a\%20Phone\%20Number.cpp","","","",""
"Linked List Cycle ","cpp","https://github.com/acgtun/leetcode/tree/master/algorithms/cpp/Linked\%20List\%20Cycle.cpp","java","https://github.com/acgtun/leetcode/tree/master/algorithms/java/Linked\%20List\%20Cycle.java","",""
"Logger Rate Limiter ","","","java","https://github.com/acgtun/leetcode/tree/master/algorithms/java/Logger\%20Rate\%20Limiter.java","",""
"Longest Common Prefix ","cpp","https://github.com/acgtun/leetcode/tree/master/algorithms/cpp/Longest\%20Common\%20Prefix.cpp","java","https://github.com/acgtun/leetcode/tree/master/algorithms/java/Longest\%20Common\%20Prefix.java","",""
"Longest Consecutive Sequence ","cpp","https://github.com/acgtun/leetcode/tree/master/algorithms/cpp/Longest\%20Consecutive\%20Sequence.cpp","","","",""
"Longest Increasing Path in a Matrix ","cpp","https://github.com/acgtun/leetcode/tree/master/algorithms/cpp/Longest\%20Increasing\%20Path\%20in\%20a\%20Matrix.cpp","","","",""
"Longest Increasing Subsequence ","cpp","https://github.com/acgtun/leetcode/tree/master/algorithms/cpp/Longest\%20Increasing\%20Subsequence.cpp","","","",""
"Longest Palindromic Subsequence ","","","java","https://github.com/acgtun/leetcode/tree/master/algorithms/java/Longest\%20Palindromic\%20Subsequence.java","",""
"Longest Palindromic Substring ","cpp","https://github.com/acgtun/leetcode/tree/master/algorithms/cpp/Longest\%20Palindromic\%20Substring.cpp","java","https://github.com/acgtun/leetcode/tree/master/algorithms/java/Longest\%20Palindromic\%20Substring.java","",""
"Longest Substring Without Repeating Characters ","cpp","https://github.com/acgtun/leetcode/tree/master/algorithms/cpp/Longest\%20Substring\%20Without\%20Repeating\%20Characters.cpp","java","https://github.com/acgtun/leetcode/tree/master/algorithms/java/Longest\%20Substring\%20Without\%20Repeating\%20Characters.java","",""
"Longest Substring with At Least K Repeating Characters ","","","java","https://github.com/acgtun/leetcode/tree/master/algorithms/java/Longest\%20Substring\%20with\%20At\%20Least\%20K\%20Repeating\%20Characters.java","",""
"Longest Substring with At Most K Distinct Characters ","","","java","https://github.com/acgtun/leetcode/tree/master/algorithms/java/Longest\%20Substring\%20with\%20At\%20Most\%20K\%20Distinct\%20Characters.java","",""
"Longest Substring with At Most Two Distinct Characters ","cpp","https://github.com/acgtun/leetcode/tree/master/algorithms/cpp/Longest\%20Substring\%20with\%20At\%20Most\%20Two\%20Distinct\%20Characters.cpp","","","",""
"Longest Valid Parentheses ","cpp","https://github.com/acgtun/leetcode/tree/master/algorithms/cpp/Longest\%20Valid\%20Parentheses.cpp","","","",""
"Lowest Common Ancestor of a Binary Search Tree ","cpp","https://github.com/acgtun/leetcode/tree/master/algorithms/cpp/Lowest\%20Common\%20Ancestor\%20of\%20a\%20Binary\%20Search\%20Tree.cpp","","","",""
"Lowest Common Ancestor of a Binary Tree ","cpp","https://github.com/acgtun/leetcode/tree/master/algorithms/cpp/Lowest\%20Common\%20Ancestor\%20of\%20a\%20Binary\%20Tree.cpp","","","",""
"Majority Element ","cpp","https://github.com/acgtun/leetcode/tree/master/algorithms/cpp/Majority\%20Element.cpp","java","https://github.com/acgtun/leetcode/tree/master/algorithms/java/Majority\%20Element.java","",""
"Majority Element II ","cpp","https://github.com/acgtun/leetcode/tree/master/algorithms/cpp/Majority\%20Element\%20II.cpp","","","",""
"Matchsticks to Square ","","","java","https://github.com/acgtun/leetcode/tree/master/algorithms/java/Matchsticks\%20to\%20Square.java","",""
"Max Points on a Line ","cpp","https://github.com/acgtun/leetcode/tree/master/algorithms/cpp/Max\%20Points\%20on\%20a\%20Line.cpp","","","",""
"Maximal Rectangle ","cpp","https://github.com/acgtun/leetcode/tree/master/algorithms/cpp/Maximal\%20Rectangle.cpp","","","",""
"Maximal Square ","cpp","https://github.com/acgtun/leetcode/tree/master/algorithms/cpp/Maximal\%20Square.cpp","","","",""
"Maximum Depth of Binary Tree ","cpp","https://github.com/acgtun/leetcode/tree/master/algorithms/cpp/Maximum\%20Depth\%20of\%20Binary\%20Tree.cpp","java","https://github.com/acgtun/leetcode/tree/master/algorithms/java/Maximum\%20Depth\%20of\%20Binary\%20Tree.java","",""
"Maximum Product Subarray ","cpp","https://github.com/acgtun/leetcode/tree/master/algorithms/cpp/Maximum\%20Product\%20Subarray.cpp","","","",""
"Maximum Size Subarray Sum Equals k ","cpp","https://github.com/acgtun/leetcode/tree/master/algorithms/cpp/Maximum\%20Size\%20Subarray\%20Sum\%20Equals\%20k.cpp","","","",""
"Maximum Subarray ","cpp","https://github.com/acgtun/leetcode/tree/master/algorithms/cpp/Maximum\%20Subarray.cpp","java","https://github.com/acgtun/leetcode/tree/master/algorithms/java/Maximum\%20Subarray.java","",""
"Median of Two Sorted Arrays ","cpp","https://github.com/acgtun/leetcode/tree/master/algorithms/cpp/Median\%20of\%20Two\%20Sorted\%20Arrays.cpp","","","",""
"Meeting Rooms ","cpp","https://github.com/acgtun/leetcode/tree/master/algorithms/cpp/Meeting\%20Rooms.cpp","java","https://github.com/acgtun/leetcode/tree/master/algorithms/java/Meeting\%20Rooms.java","",""
"Meeting Rooms II ","cpp","https://github.com/acgtun/leetcode/tree/master/algorithms/cpp/Meeting\%20Rooms\%20II.cpp","java","https://github.com/acgtun/leetcode/tree/master/algorithms/java/Meeting\%20Rooms\%20II.java","",""
"Merge Intervals ","cpp","https://github.com/acgtun/leetcode/tree/master/algorithms/cpp/Merge\%20Intervals.cpp","","","",""
"Merge Sorted Array ","cpp","https://github.com/acgtun/leetcode/tree/master/algorithms/cpp/Merge\%20Sorted\%20Array.cpp","java","https://github.com/acgtun/leetcode/tree/master/algorithms/java/Merge\%20Sorted\%20Array.java","",""
"Merge Two Sorted Lists ","cpp","https://github.com/acgtun/leetcode/tree/master/algorithms/cpp/Merge\%20Two\%20Sorted\%20Lists.cpp","java","https://github.com/acgtun/leetcode/tree/master/algorithms/java/Merge\%20Two\%20Sorted\%20Lists.java","",""
"Merge k Sorted Lists ","cpp","https://github.com/acgtun/leetcode/tree/master/algorithms/cpp/Merge\%20k\%20Sorted\%20Lists.cpp","java","https://github.com/acgtun/leetcode/tree/master/algorithms/java/Merge\%20k\%20Sorted\%20Lists.java","",""
"Min Stack ","cpp","https://github.com/acgtun/leetcode/tree/master/algorithms/cpp/Min\%20Stack.cpp","java","https://github.com/acgtun/leetcode/tree/master/algorithms/java/Min\%20Stack.java","",""
"Minesweeper ","","","java","https://github.com/acgtun/leetcode/tree/master/algorithms/java/Minesweeper.java","",""
"Minimum Depth of Binary Tree ","cpp","https://github.com/acgtun/leetcode/tree/master/algorithms/cpp/Minimum\%20Depth\%20of\%20Binary\%20Tree.cpp","","","",""
"Minimum Genetic Mutation ","cpp","https://github.com/acgtun/leetcode/tree/master/algorithms/cpp/Minimum\%20Genetic\%20Mutation.cpp","","","",""
"Minimum Path Sum ","cpp","https://github.com/acgtun/leetcode/tree/master/algorithms/cpp/Minimum\%20Path\%20Sum.cpp","","","",""
"Minimum Size Subarray Sum ","cpp","https://github.com/acgtun/leetcode/tree/master/algorithms/cpp/Minimum\%20Size\%20Subarray\%20Sum.cpp","","","",""
"Minimum Time Difference ","","","java","https://github.com/acgtun/leetcode/tree/master/algorithms/java/Minimum\%20Time\%20Difference.java","",""
"Minimum Window Substring ","cpp","https://github.com/acgtun/leetcode/tree/master/algorithms/cpp/Minimum\%20Window\%20Substring.cpp","","","",""
"Missing Number ","cpp","https://github.com/acgtun/leetcode/tree/master/algorithms/cpp/Missing\%20Number.cpp","java","https://github.com/acgtun/leetcode/tree/master/algorithms/java/Missing\%20Number.java","",""
"Missing Ranges ","cpp","https://github.com/acgtun/leetcode/tree/master/algorithms/cpp/Missing\%20Ranges.cpp","","","",""
"Move Zeroes ","cpp","https://github.com/acgtun/leetcode/tree/master/algorithms/cpp/Move\%20Zeroes.cpp","java","https://github.com/acgtun/leetcode/tree/master/algorithms/java/Move\%20Zeroes.java","",""
"Moving Average from Data Stream ","","","java","https://github.com/acgtun/leetcode/tree/master/algorithms/java/Moving\%20Average\%20from\%20Data\%20Stream.java","",""
"Multiply Strings ","cpp","https://github.com/acgtun/leetcode/tree/master/algorithms/cpp/Multiply\%20Strings.cpp","java","https://github.com/acgtun/leetcode/tree/master/algorithms/java/Multiply\%20Strings.java","",""
"N-Queens ","cpp","https://github.com/acgtun/leetcode/tree/master/algorithms/cpp/N-Queens.cpp","","","",""
"N-Queens II ","cpp","https://github.com/acgtun/leetcode/tree/master/algorithms/cpp/N-Queens\%20II.cpp","","","",""
"Nested List Weight Sum ","","","java","https://github.com/acgtun/leetcode/tree/master/algorithms/java/Nested\%20List\%20Weight\%20Sum.java","",""
"Nested List Weight Sum II ","","","java","https://github.com/acgtun/leetcode/tree/master/algorithms/java/Nested\%20List\%20Weight\%20Sum\%20II.java","",""
"Next Permutation ","cpp","https://github.com/acgtun/leetcode/tree/master/algorithms/cpp/Next\%20Permutation.cpp","","","",""
"Nim Game ","cpp","https://github.com/acgtun/leetcode/tree/master/algorithms/cpp/Nim\%20Game.cpp","java","https://github.com/acgtun/leetcode/tree/master/algorithms/java/Nim\%20Game.java","",""
"Number of 1 Bits ","cpp","https://github.com/acgtun/leetcode/tree/master/algorithms/cpp/Number\%20of\%201\%20Bits.cpp","java","https://github.com/acgtun/leetcode/tree/master/algorithms/java/Number\%20of\%201\%20Bits.java","",""
"Number of Connected Components in an Undirected Graph ","cpp","https://github.com/acgtun/leetcode/tree/master/algorithms/cpp/Number\%20of\%20Connected\%20Components\%20in\%20an\%20Undirected\%20Graph.cpp","","","",""
"Number of Islands ","cpp","https://github.com/acgtun/leetcode/tree/master/algorithms/cpp/Number\%20of\%20Islands.cpp","","","",""
"Number of Islands II ","cpp","https://github.com/acgtun/leetcode/tree/master/algorithms/cpp/Number\%20of\%20Islands\%20II.cpp","","","",""
"Odd Even Linked List ","cpp","https://github.com/acgtun/leetcode/tree/master/algorithms/cpp/Odd\%20Even\%20Linked\%20List.cpp","java","https://github.com/acgtun/leetcode/tree/master/algorithms/java/Odd\%20Even\%20Linked\%20List.java","",""
"One Edit Distance ","cpp","https://github.com/acgtun/leetcode/tree/master/algorithms/cpp/One\%20Edit\%20Distance.cpp","","","",""
"Output Contest Matches ","","","java","https://github.com/acgtun/leetcode/tree/master/algorithms/java/Output\%20Contest\%20Matches.java","",""
"Paint Fence ","cpp","https://github.com/acgtun/leetcode/tree/master/algorithms/cpp/Paint\%20Fence.cpp","","","",""
"Paint House ","cpp","https://github.com/acgtun/leetcode/tree/master/algorithms/cpp/Paint\%20House.cpp","","","",""
"Paint House II ","cpp","https://github.com/acgtun/leetcode/tree/master/algorithms/cpp/Paint\%20House\%20II.cpp","","","",""
"Palindrome Linked List ","cpp","https://github.com/acgtun/leetcode/tree/master/algorithms/cpp/Palindrome\%20Linked\%20List.cpp","java","https://github.com/acgtun/leetcode/tree/master/algorithms/java/Palindrome\%20Linked\%20List.java","",""
"Palindrome Number ","cpp","https://github.com/acgtun/leetcode/tree/master/algorithms/cpp/Palindrome\%20Number.cpp","java","https://github.com/acgtun/leetcode/tree/master/algorithms/java/Palindrome\%20Number.java","",""
"Palindrome Pairs ","cpp","https://github.com/acgtun/leetcode/tree/master/algorithms/cpp/Palindrome\%20Pairs.cpp","","","",""
"Palindrome Partitioning ","cpp","https://github.com/acgtun/leetcode/tree/master/algorithms/cpp/Palindrome\%20Partitioning.cpp","","","",""
"Palindrome Partitioning II ","cpp","https://github.com/acgtun/leetcode/tree/master/algorithms/cpp/Palindrome\%20Partitioning\%20II.cpp","","","",""
"Palindrome Permutation ","cpp","https://github.com/acgtun/leetcode/tree/master/algorithms/cpp/Palindrome\%20Permutation.cpp","java","https://github.com/acgtun/leetcode/tree/master/algorithms/java/Palindrome\%20Permutation.java","",""
"Palindrome Permutation II ","cpp","https://github.com/acgtun/leetcode/tree/master/algorithms/cpp/Palindrome\%20Permutation\%20II.cpp","","","",""
"Partition List ","cpp","https://github.com/acgtun/leetcode/tree/master/algorithms/cpp/Partition\%20List.cpp","java","https://github.com/acgtun/leetcode/tree/master/algorithms/java/Partition\%20List.java","",""
"Pascal's Triangle ","cpp","https://github.com/acgtun/leetcode/tree/master/algorithms/cpp/Pascal's\%20Triangle.cpp","java","https://github.com/acgtun/leetcode/tree/master/algorithms/java/Pascal's\%20Triangle.java","",""
"Pascal's Triangle II ","cpp","https://github.com/acgtun/leetcode/tree/master/algorithms/cpp/Pascal's\%20Triangle\%20II.cpp","","","",""
"Path Sum ","cpp","https://github.com/acgtun/leetcode/tree/master/algorithms/cpp/Path\%20Sum.cpp","","","",""
"Path Sum II ","cpp","https://github.com/acgtun/leetcode/tree/master/algorithms/cpp/Path\%20Sum\%20II.cpp","","","",""
"Peeking Iterator ","cpp","https://github.com/acgtun/leetcode/tree/master/algorithms/cpp/Peeking\%20Iterator.cpp","","","",""
"Perfect Number ","","","java","https://github.com/acgtun/leetcode/tree/master/algorithms/java/Perfect\%20Number.java","",""
"Perfect Squares ","cpp","https://github.com/acgtun/leetcode/tree/master/algorithms/cpp/Perfect\%20Squares.cpp","","","",""
"Permutation Sequence ","cpp","https://github.com/acgtun/leetcode/tree/master/algorithms/cpp/Permutation\%20Sequence.cpp","","","",""
"Permutations ","cpp","https://github.com/acgtun/leetcode/tree/master/algorithms/cpp/Permutations.cpp","java","https://github.com/acgtun/leetcode/tree/master/algorithms/java/Permutations.java","",""
"Permutations II ","cpp","https://github.com/acgtun/leetcode/tree/master/algorithms/cpp/Permutations\%20II.cpp","","","",""
"Plus One ","cpp","https://github.com/acgtun/leetcode/tree/master/algorithms/cpp/Plus\%20One.cpp","java","https://github.com/acgtun/leetcode/tree/master/algorithms/java/Plus\%20One.java","",""
"Plus One Linked List ","","","java","https://github.com/acgtun/leetcode/tree/master/algorithms/java/Plus\%20One\%20Linked\%20List.java","",""
"Populating Next Right Pointers in Each Node ","cpp","https://github.com/acgtun/leetcode/tree/master/algorithms/cpp/Populating\%20Next\%20Right\%20Pointers\%20in\%20Each\%20Node.cpp","","","",""
"Populating Next Right Pointers in Each Node II ","cpp","https://github.com/acgtun/leetcode/tree/master/algorithms/cpp/Populating\%20Next\%20Right\%20Pointers\%20in\%20Each\%20Node\%20II.cpp","","","",""
"Pow(x, n) ","cpp","https://github.com/acgtun/leetcode/tree/master/algorithms/cpp/Pow(x,\%20n).cpp","java","https://github.com/acgtun/leetcode/tree/master/algorithms/java/Pow(x,\%20n).java","",""
"Power of Three ","cpp","https://github.com/acgtun/leetcode/tree/master/algorithms/cpp/Power\%20of\%20Three.cpp","java","https://github.com/acgtun/leetcode/tree/master/algorithms/java/Power\%20of\%20Three.java","",""
"Power of Two ","cpp","https://github.com/acgtun/leetcode/tree/master/algorithms/cpp/Power\%20of\%20Two.cpp","","","",""
"Product of Array Except Self ","cpp","https://github.com/acgtun/leetcode/tree/master/algorithms/cpp/Product\%20of\%20Array\%20Except\%20Self.cpp","java","https://github.com/acgtun/leetcode/tree/master/algorithms/java/Product\%20of\%20Array\%20Except\%20Self.java","",""
"Range Sum Query - Immutable ","cpp","https://github.com/acgtun/leetcode/tree/master/algorithms/cpp/Range\%20Sum\%20Query\%20-\%20Immutable.cpp","","","",""
"Range Sum Query - Mutable ","cpp","https://github.com/acgtun/leetcode/tree/master/algorithms/cpp/Range\%20Sum\%20Query\%20-\%20Mutable.cpp","","","",""
"Range Sum Query 2D - Immutable ","cpp","https://github.com/acgtun/leetcode/tree/master/algorithms/cpp/Range\%20Sum\%20Query\%202D\%20-\%20Immutable.cpp","","","",""
"Read N Characters Given Read4 ","cpp","https://github.com/acgtun/leetcode/tree/master/algorithms/cpp/Read\%20N\%20Characters\%20Given\%20Read4.cpp","java","https://github.com/acgtun/leetcode/tree/master/algorithms/java/Read\%20N\%20Characters\%20Given\%20Read4.java","",""
"Read N Characters Given Read4 II - Call multiple times ","cpp","https://github.com/acgtun/leetcode/tree/master/algorithms/cpp/Read\%20N\%20Characters\%20Given\%20Read4\%20II\%20-\%20Call\%20multiple\%20times.cpp","java","https://github.com/acgtun/leetcode/tree/master/algorithms/java/Read\%20N\%20Characters\%20Given\%20Read4\%20II\%20-\%20Call\%20multiple\%20times.java","",""
"Rectangle Area ","cpp","https://github.com/acgtun/leetcode/tree/master/algorithms/cpp/Rectangle\%20Area.cpp","","","",""
"Regular Expression Matching ","cpp","https://github.com/acgtun/leetcode/tree/master/algorithms/cpp/Regular\%20Expression\%20Matching.cpp","","","",""
"Remove Duplicates from Sorted Array ","cpp","https://github.com/acgtun/leetcode/tree/master/algorithms/cpp/Remove\%20Duplicates\%20from\%20Sorted\%20Array.cpp","java","https://github.com/acgtun/leetcode/tree/master/algorithms/java/Remove\%20Duplicates\%20from\%20Sorted\%20Array.java","",""
"Remove Duplicates from Sorted Array II ","cpp","https://github.com/acgtun/leetcode/tree/master/algorithms/cpp/Remove\%20Duplicates\%20from\%20Sorted\%20Array\%20II.cpp","","","",""
"Remove Duplicates from Sorted List ","cpp","https://github.com/acgtun/leetcode/tree/master/algorithms/cpp/Remove\%20Duplicates\%20from\%20Sorted\%20List.cpp","java","https://github.com/acgtun/leetcode/tree/master/algorithms/java/Remove\%20Duplicates\%20from\%20Sorted\%20List.java","",""
"Remove Duplicates from Sorted List II ","cpp","https://github.com/acgtun/leetcode/tree/master/algorithms/cpp/Remove\%20Duplicates\%20from\%20Sorted\%20List\%20II.cpp","","","",""
"Remove Element ","cpp","https://github.com/acgtun/leetcode/tree/master/algorithms/cpp/Remove\%20Element.cpp","java","https://github.com/acgtun/leetcode/tree/master/algorithms/java/Remove\%20Element.java","",""
"Remove Invalid Parentheses ","cpp","https://github.com/acgtun/leetcode/tree/master/algorithms/cpp/Remove\%20Invalid\%20Parentheses.cpp","","","",""
"Remove Linked List Elements ","cpp","https://github.com/acgtun/leetcode/tree/master/algorithms/cpp/Remove\%20Linked\%20List\%20Elements.cpp","java","https://github.com/acgtun/leetcode/tree/master/algorithms/java/Remove\%20Linked\%20List\%20Elements.java","",""
"Remove Nth Node From End of List ","cpp","https://github.com/acgtun/leetcode/tree/master/algorithms/cpp/Remove\%20Nth\%20Node\%20From\%20End\%20of\%20List.cpp","","","",""
"Reorder List ","cpp","https://github.com/acgtun/leetcode/tree/master/algorithms/cpp/Reorder\%20List.cpp","java","https://github.com/acgtun/leetcode/tree/master/algorithms/java/Reorder\%20List.java","",""
"Repeated DNA Sequences ","cpp","https://github.com/acgtun/leetcode/tree/master/algorithms/cpp/Repeated\%20DNA\%20Sequences.cpp","","","",""
"Reverse Bits ","cpp","https://github.com/acgtun/leetcode/tree/master/algorithms/cpp/Reverse\%20Bits.cpp","java","https://github.com/acgtun/leetcode/tree/master/algorithms/java/Reverse\%20Bits.java","",""
"Reverse Integer ","cpp","https://github.com/acgtun/leetcode/tree/master/algorithms/cpp/Reverse\%20Integer.cpp","java","https://github.com/acgtun/leetcode/tree/master/algorithms/java/Reverse\%20Integer.java","",""
"Reverse Linked List ","cpp","https://github.com/acgtun/leetcode/tree/master/algorithms/cpp/Reverse\%20Linked\%20List.cpp","java","https://github.com/acgtun/leetcode/tree/master/algorithms/java/Reverse\%20Linked\%20List.java","",""
"Reverse Linked List II ","cpp","https://github.com/acgtun/leetcode/tree/master/algorithms/cpp/Reverse\%20Linked\%20List\%20II.cpp","java","https://github.com/acgtun/leetcode/tree/master/algorithms/java/Reverse\%20Linked\%20List\%20II.java","",""
"Reverse Nodes in k-Group ","cpp","https://github.com/acgtun/leetcode/tree/master/algorithms/cpp/Reverse\%20Nodes\%20in\%20k-Group.cpp","","","",""
"Reverse Pairs ","","","java","https://github.com/acgtun/leetcode/tree/master/algorithms/java/Reverse\%20Pairs.java","",""
"Reverse String ","","","java","https://github.com/acgtun/leetcode/tree/master/algorithms/java/Reverse\%20String.java","",""
"Reverse String II ","","","java","https://github.com/acgtun/leetcode/tree/master/algorithms/java/Reverse\%20String\%20II.java","",""
"Reverse Words in a String ","cpp","https://github.com/acgtun/leetcode/tree/master/algorithms/cpp/Reverse\%20Words\%20in\%20a\%20String.cpp","","","",""
"Reverse Words in a String II ","cpp","https://github.com/acgtun/leetcode/tree/master/algorithms/cpp/Reverse\%20Words\%20in\%20a\%20String\%20II.cpp","","","",""
"Roman to Integer ","cpp","https://github.com/acgtun/leetcode/tree/master/algorithms/cpp/Roman\%20to\%20Integer.cpp","java","https://github.com/acgtun/leetcode/tree/master/algorithms/java/Roman\%20to\%20Integer.java","",""
"Rotate Array ","cpp","https://github.com/acgtun/leetcode/tree/master/algorithms/cpp/Rotate\%20Array.cpp","java","https://github.com/acgtun/leetcode/tree/master/algorithms/java/Rotate\%20Array.java","",""
"Rotate Image ","cpp","https://github.com/acgtun/leetcode/tree/master/algorithms/cpp/Rotate\%20Image.cpp","","","",""
"Rotate List ","cpp","https://github.com/acgtun/leetcode/tree/master/algorithms/cpp/Rotate\%20List.cpp","java","https://github.com/acgtun/leetcode/tree/master/algorithms/java/Rotate\%20List.java","",""
"Same Tree ","cpp","https://github.com/acgtun/leetcode/tree/master/algorithms/cpp/Same\%20Tree.cpp","","","",""
"Search Insert Position ","cpp","https://github.com/acgtun/leetcode/tree/master/algorithms/cpp/Search\%20Insert\%20Position.cpp","","","",""
"Search a 2D Matrix ","cpp","https://github.com/acgtun/leetcode/tree/master/algorithms/cpp/Search\%20a\%202D\%20Matrix.cpp","java","https://github.com/acgtun/leetcode/tree/master/algorithms/java/Search\%20a\%202D\%20Matrix.java","",""
"Search a 2D Matrix II ","cpp","https://github.com/acgtun/leetcode/tree/master/algorithms/cpp/Search\%20a\%202D\%20Matrix\%20II.cpp","java","https://github.com/acgtun/leetcode/tree/master/algorithms/java/Search\%20a\%202D\%20Matrix\%20II.java","",""
"Search for a Range ","cpp","https://github.com/acgtun/leetcode/tree/master/algorithms/cpp/Search\%20for\%20a\%20Range.cpp","","","",""
"Search in Rotated Sorted Array ","cpp","https://github.com/acgtun/leetcode/tree/master/algorithms/cpp/Search\%20in\%20Rotated\%20Sorted\%20Array.cpp","","","",""
"Search in Rotated Sorted Array II ","cpp","https://github.com/acgtun/leetcode/tree/master/algorithms/cpp/Search\%20in\%20Rotated\%20Sorted\%20Array\%20II.cpp","","","",""
"Serialize and Deserialize Binary Tree ","cpp","https://github.com/acgtun/leetcode/tree/master/algorithms/cpp/Serialize\%20and\%20Deserialize\%20Binary\%20Tree.cpp","","","",""
"Set Matrix Zeroes ","cpp","https://github.com/acgtun/leetcode/tree/master/algorithms/cpp/Set\%20Matrix\%20Zeroes.cpp","","","",""
"Shortest Word Distance ","cpp","https://github.com/acgtun/leetcode/tree/master/algorithms/cpp/Shortest\%20Word\%20Distance.cpp","","","",""
"Shortest Word Distance II ","cpp","https://github.com/acgtun/leetcode/tree/master/algorithms/cpp/Shortest\%20Word\%20Distance\%20II.cpp","","","",""
"Shortest Word Distance III ","cpp","https://github.com/acgtun/leetcode/tree/master/algorithms/cpp/Shortest\%20Word\%20Distance\%20III.cpp","","","",""
"Shuffle an Array ","","","java","https://github.com/acgtun/leetcode/tree/master/algorithms/java/Shuffle\%20an\%20Array.java","",""
"Simplify Path ","cpp","https://github.com/acgtun/leetcode/tree/master/algorithms/cpp/Simplify\%20Path.cpp","","","",""
"Single Number ","","","java","https://github.com/acgtun/leetcode/tree/master/algorithms/java/Single\%20Number.java","python","https://github.com/acgtun/leetcode/tree/master/algorithms/python/Single\%20Number.py"
"Single Number II ","cpp","https://github.com/acgtun/leetcode/tree/master/algorithms/cpp/Single\%20Number\%20II.cpp","","","",""
"Single Number III ","cpp","https://github.com/acgtun/leetcode/tree/master/algorithms/cpp/Single\%20Number\%20III.cpp","","","",""
"Smallest Rectangle Enclosing Black Pixels ","cpp","https://github.com/acgtun/leetcode/tree/master/algorithms/cpp/Smallest\%20Rectangle\%20Enclosing\%20Black\%20Pixels.cpp","","","",""
"Sort Colors ","cpp","https://github.com/acgtun/leetcode/tree/master/algorithms/cpp/Sort\%20Colors.cpp","","","",""
"Sort List ","cpp","https://github.com/acgtun/leetcode/tree/master/algorithms/cpp/Sort\%20List.cpp","java","https://github.com/acgtun/leetcode/tree/master/algorithms/java/Sort\%20List.java","",""
"Spiral Matrix ","cpp","https://github.com/acgtun/leetcode/tree/master/algorithms/cpp/Spiral\%20Matrix.cpp","","","",""
"Spiral Matrix II ","cpp","https://github.com/acgtun/leetcode/tree/master/algorithms/cpp/Spiral\%20Matrix\%20II.cpp","","","",""
"Sqrt(x) ","cpp","https://github.com/acgtun/leetcode/tree/master/algorithms/cpp/Sqrt(x).cpp","java","https://github.com/acgtun/leetcode/tree/master/algorithms/java/Sqrt(x).java","",""
"String to Integer (atoi) ","","","java","https://github.com/acgtun/leetcode/tree/master/algorithms/java/String\%20to\%20Integer\%20(atoi).java","",""
"Strobogrammatic Number ","cpp","https://github.com/acgtun/leetcode/tree/master/algorithms/cpp/Strobogrammatic\%20Number.cpp","","","",""
"Strobogrammatic Number II ","cpp","https://github.com/acgtun/leetcode/tree/master/algorithms/cpp/Strobogrammatic\%20Number\%20II.cpp","","","",""
"Subsets ","cpp","https://github.com/acgtun/leetcode/tree/master/algorithms/cpp/Subsets.cpp","","","",""
"Subsets II ","cpp","https://github.com/acgtun/leetcode/tree/master/algorithms/cpp/Subsets\%20II.cpp","","","",""
"Substring with Concatenation of All Words ","cpp","https://github.com/acgtun/leetcode/tree/master/algorithms/cpp/Substring\%20with\%20Concatenation\%20of\%20All\%20Words.cpp","","","",""
"Sudoku Solver ","cpp","https://github.com/acgtun/leetcode/tree/master/algorithms/cpp/Sudoku\%20Solver.cpp","java","https://github.com/acgtun/leetcode/tree/master/algorithms/java/Sudoku\%20Solver.java","",""
"Sum Root to Leaf Numbers ","cpp","https://github.com/acgtun/leetcode/tree/master/algorithms/cpp/Sum\%20Root\%20to\%20Leaf\%20Numbers.cpp","","","",""
"Sum of Two Integers ","","","java","https://github.com/acgtun/leetcode/tree/master/algorithms/java/Sum\%20of\%20Two\%20Integers.java","",""
"Summary Ranges ","cpp","https://github.com/acgtun/leetcode/tree/master/algorithms/cpp/Summary\%20Ranges.cpp","","","",""
"Surrounded Regions ","cpp","https://github.com/acgtun/leetcode/tree/master/algorithms/cpp/Surrounded\%20Regions.cpp","","","",""
"Swap Nodes in Pairs ","cpp","https://github.com/acgtun/leetcode/tree/master/algorithms/cpp/Swap\%20Nodes\%20in\%20Pairs.cpp","java","https://github.com/acgtun/leetcode/tree/master/algorithms/java/Swap\%20Nodes\%20in\%20Pairs.java","",""
"Symmetric Tree ","cpp","https://github.com/acgtun/leetcode/tree/master/algorithms/cpp/Symmetric\%20Tree.cpp","java","https://github.com/acgtun/leetcode/tree/master/algorithms/java/Symmetric\%20Tree.java","",""
"The Skyline Problem ","cpp","https://github.com/acgtun/leetcode/tree/master/algorithms/cpp/The\%20Skyline\%20Problem.cpp","","","",""
"Top K Frequent Elements ","","","java","https://github.com/acgtun/leetcode/tree/master/algorithms/java/Top\%20K\%20Frequent\%20Elements.java","",""
"Trapping Rain Water ","cpp","https://github.com/acgtun/leetcode/tree/master/algorithms/cpp/Trapping\%20Rain\%20Water.cpp","","","",""
"Triangle ","cpp","https://github.com/acgtun/leetcode/tree/master/algorithms/cpp/Triangle.cpp","","","",""
"Two Sum ","cpp","https://github.com/acgtun/leetcode/tree/master/algorithms/cpp/Two\%20Sum.cpp","java","https://github.com/acgtun/leetcode/tree/master/algorithms/java/Two\%20Sum.java","",""
"Two Sum II - Input array is sorted ","cpp","https://github.com/acgtun/leetcode/tree/master/algorithms/cpp/Two\%20Sum\%20II\%20-\%20Input\%20array\%20is\%20sorted.cpp","java","https://github.com/acgtun/leetcode/tree/master/algorithms/java/Two\%20Sum\%20II\%20-\%20Input\%20array\%20is\%20sorted.java","",""
"Two Sum III - Data structure design ","cpp","https://github.com/acgtun/leetcode/tree/master/algorithms/cpp/Two\%20Sum\%20III\%20-\%20Data\%20structure\%20design.cpp","java","https://github.com/acgtun/leetcode/tree/master/algorithms/java/Two\%20Sum\%20III\%20-\%20Data\%20structure\%20design.java","",""
"Ugly Number ","cpp","https://github.com/acgtun/leetcode/tree/master/algorithms/cpp/Ugly\%20Number.cpp","","","python","https://github.com/acgtun/leetcode/tree/master/algorithms/python/Ugly\%20Number.py"
"Ugly Number II ","cpp","https://github.com/acgtun/leetcode/tree/master/algorithms/cpp/Ugly\%20Number\%20II.cpp","","","",""
"Unique Binary Search Trees ","cpp","https://github.com/acgtun/leetcode/tree/master/algorithms/cpp/Unique\%20Binary\%20Search\%20Trees.cpp","","","",""
"Unique Binary Search Trees II ","cpp","https://github.com/acgtun/leetcode/tree/master/algorithms/cpp/Unique\%20Binary\%20Search\%20Trees\%20II.cpp","","","",""
"Unique Paths ","cpp","https://github.com/acgtun/leetcode/tree/master/algorithms/cpp/Unique\%20Paths.cpp","java","https://github.com/acgtun/leetcode/tree/master/algorithms/java/Unique\%20Paths.java","",""
"Unique Paths II ","cpp","https://github.com/acgtun/leetcode/tree/master/algorithms/cpp/Unique\%20Paths\%20II.cpp","","","",""
"Unique Word Abbreviation ","cpp","https://github.com/acgtun/leetcode/tree/master/algorithms/cpp/Unique\%20Word\%20Abbreviation.cpp","","","",""
"Valid Anagram ","cpp","https://github.com/acgtun/leetcode/tree/master/algorithms/cpp/Valid\%20Anagram.cpp","java","https://github.com/acgtun/leetcode/tree/master/algorithms/java/Valid\%20Anagram.java","",""
"Valid Palindrome ","cpp","https://github.com/acgtun/leetcode/tree/master/algorithms/cpp/Valid\%20Palindrome.cpp","java","https://github.com/acgtun/leetcode/tree/master/algorithms/java/Valid\%20Palindrome.java","",""
"Valid Parentheses ","cpp","https://github.com/acgtun/leetcode/tree/master/algorithms/cpp/Valid\%20Parentheses.cpp","java","https://github.com/acgtun/leetcode/tree/master/algorithms/java/Valid\%20Parentheses.java","",""
"Valid Sudoku ","cpp","https://github.com/acgtun/leetcode/tree/master/algorithms/cpp/Valid\%20Sudoku.cpp","java","https://github.com/acgtun/leetcode/tree/master/algorithms/java/Valid\%20Sudoku.java","",""
"Validate Binary Search Tree ","cpp","https://github.com/acgtun/leetcode/tree/master/algorithms/cpp/Validate\%20Binary\%20Search\%20Tree.cpp","","","",""
"Verify Preorder Serialization of a Binary Tree ","cpp","https://github.com/acgtun/leetcode/tree/master/algorithms/cpp/Verify\%20Preorder\%20Serialization\%20of\%20a\%20Binary\%20Tree.cpp","","","",""
"Walls and Gates ","cpp","https://github.com/acgtun/leetcode/tree/master/algorithms/cpp/Walls\%20and\%20Gates.cpp","","","",""
"Wiggle Sort ","cpp","https://github.com/acgtun/leetcode/tree/master/algorithms/cpp/Wiggle\%20Sort.cpp","java","https://github.com/acgtun/leetcode/tree/master/algorithms/java/Wiggle\%20Sort.java","",""
"Wildcard Matching ","cpp","https://github.com/acgtun/leetcode/tree/master/algorithms/cpp/Wildcard\%20Matching.cpp","","","",""
"Word Abbreviation ","","","java","https://github.com/acgtun/leetcode/tree/master/algorithms/java/Word\%20Abbreviation.java","",""
"Word Break ","cpp","https://github.com/acgtun/leetcode/tree/master/algorithms/cpp/Word\%20Break.cpp","","","",""
"Word Break II ","cpp","https://github.com/acgtun/leetcode/tree/master/algorithms/cpp/Word\%20Break\%20II.cpp","","","",""
"Word Ladder ","cpp","https://github.com/acgtun/leetcode/tree/master/algorithms/cpp/Word\%20Ladder.cpp","","","",""
"Word Ladder II ","cpp","https://github.com/acgtun/leetcode/tree/master/algorithms/cpp/Word\%20Ladder\%20II.cpp","","","",""
"Word Pattern ","cpp","https://github.com/acgtun/leetcode/tree/master/algorithms/cpp/Word\%20Pattern.cpp","","","",""
"Word Pattern II ","cpp","https://github.com/acgtun/leetcode/tree/master/algorithms/cpp/Word\%20Pattern\%20II.cpp","","","",""
"Word Search ","cpp","https://github.com/acgtun/leetcode/tree/master/algorithms/cpp/Word\%20Search.cpp","","","",""
"Word Search II ","cpp","https://github.com/acgtun/leetcode/tree/master/algorithms/cpp/Word\%20Search\%20II.cpp","","","",""
"Zigzag Iterator ","cpp","https://github.com/acgtun/leetcode/tree/master/algorithms/cpp/Zigzag\%20Iterator.cpp","","","",""
